Name, Theo_Area, Wet_Area, Theo_Vol, Wet_Vol
WingGeom,61.202478,61.202478,5.236409,5.236409
Totals,61.202478,61.202478,5.236409,5.236409

Tag_Name, Tag_Theo_Area, Tag_Wet_Area
WingGeom_Surf0,30.601239,30.601239
WingGeom_Surf1,30.601239,30.601239
