Name, Theo_Area, Wet_Area, Theo_Vol, Wet_Vol
WingGeom,61.179714,61.179714,4.847627,4.847627
Totals,61.179714,61.179714,4.847627,4.847627

Tag_Name, Tag_Theo_Area, Tag_Wet_Area
WingGeom_Surf0,30.589857,30.589857
WingGeom_Surf1,30.589857,30.589857
